{
  "log_reg": {
    "accuracy": 0.526032315978456,
    "f1_macro": 0.5150792662996421,
    "confusion_matrix": [
      [
        51,
        7,
        10,
        1,
        26,
        30
      ],
      [
        10,
        50,
        35,
        22,
        0,
        14
      ],
      [
        17,
        28,
        63,
        6,
        6,
        8
      ],
      [
        0,
        13,
        15,
        69,
        0,
        1
      ],
      [
        1,
        0,
        0,
        0,
        49,
        2
      ],
      [
        6,
        2,
        1,
        0,
        3,
        11
      ]
    ]
  },
  "rf": {
    "accuracy": 0.8204667863554758,
    "f1_macro": 0.7027414646694878,
    "confusion_matrix": [
      [
        106,
        3,
        3,
        2,
        11,
        0
      ],
      [
        1,
        109,
        19,
        2,
        0,
        0
      ],
      [
        3,
        20,
        102,
        0,
        3,
        0
      ],
      [
        1,
        5,
        1,
        91,
        0,
        0
      ],
      [
        3,
        0,
        0,
        0,
        49,
        0
      ],
      [
        19,
        0,
        1,
        2,
        1,
        0
      ]
    ]
  },
  "gb": {
    "accuracy": 0.8043087971274686,
    "f1_macro": 0.7307093323236429,
    "confusion_matrix": [
      [
        106,
        4,
        1,
        1,
        8,
        5
      ],
      [
        1,
        106,
        19,
        5,
        0,
        0
      ],
      [
        4,
        21,
        100,
        0,
        3,
        0
      ],
      [
        1,
        7,
        4,
        86,
        0,
        0
      ],
      [
        6,
        0,
        0,
        0,
        46,
        0
      ],
      [
        16,
        1,
        0,
        1,
        1,
        4
      ]
    ]
  },
  "dt": {
    "accuracy": 0.6642728904847397,
    "f1_macro": 0.579332196201491,
    "confusion_matrix": [
      [
        92,
        12,
        6,
        4,
        11,
        0
      ],
      [
        8,
        79,
        23,
        21,
        0,
        0
      ],
      [
        7,
        34,
        79,
        6,
        2,
        0
      ],
      [
        4,
        13,
        6,
        75,
        0,
        0
      ],
      [
        6,
        1,
        0,
        0,
        45,
        0
      ],
      [
        16,
        2,
        1,
        2,
        2,
        0
      ]
    ]
  },
  "lgbm": {
    "accuracy": 0.8420107719928187,
    "f1_macro": 0.7727476773193515,
    "confusion_matrix": [
      [
        101,
        2,
        2,
        2,
        12,
        6
      ],
      [
        1,
        116,
        11,
        3,
        0,
        0
      ],
      [
        5,
        17,
        103,
        0,
        3,
        0
      ],
      [
        0,
        2,
        1,
        95,
        0,
        0
      ],
      [
        4,
        0,
        0,
        0,
        48,
        0
      ],
      [
        15,
        0,
        0,
        1,
        1,
        6
      ]
    ]
  }
}